<?xml version="1.0" encoding="ISO-8859-1"?>
<!--
Copyright 2002-2005 The Apache Software Foundation.
 
Licensed under the Apache License, Version 2.0 (the "License");
you may not use this file except in compliance with the License.
You may obtain a copy of the License at

     http://www.apache.org/licenses/LICENSE-2.0

Unless required by applicable law or agreed to in writing, software
distributed under the License is distributed on an "AS IS" BASIS,
WITHOUT WARRANTIES OR CONDITIONS OF ANY KIND, either express or implied.
See the License for the specific language governing permissions and
limitations under the License.
-->
<!DOCTYPE org.apache.commons.menus SYSTEM '../../commons-build/menus/menus.dtd'>
<project name="Lang">

  <title>Lang</title>
  <organizationLogo href="/images/jakarta-logo-blue.gif">
   Jakarta
  </organizationLogo>

  <body>
    <links>
      <item name="Jakarta Commons"                   
            href="http://jakarta.apache.org/commons/"/>
    </links>

    <menu name="Commons Lang">
      <item name="Overview" href="/index.html"/>
      <item name="Users guide" href="/userguide.html"/>
      <item name="Developers guide" href="/developerguide.html"/>
      <item name="Javadoc (2.1 release)" href="api/index.html"/>
      <item name="Mailing lists" href="/mail-lists.html"/>
      <item name="Team" href="/team-list.html"/>
      <item name="Tasks" href="/tasks.html"/>
      <item name="Proposal" href="/proposal.html"/>
      <item name="Subversion" href="http://svn.apache.org/viewcvs/jakarta/commons/proper/lang/trunk"/>
      <item name="Javadoc (SVN latest)" href="apidocs/index.html"/>
    </menu>
    
    &common-menus;

  </body>
</project>
